,Unregistered Submissions
0,shivang_2024csi1
1,mohd_2024cse1152
2,abhishek_2024it1
3,shreya_2024ec101
4,priyanshu_2024i1
5,sec_x_1129
6,anushka_2024ec11
7,ag2532460
8,khushivaish16
9,aditya_2024ec111
10,sec_k_it1114
11,rekhagupta369
12,sec_e_ce_1007
13,nikita_2024cs111
14,aashishraghav24
15,sec_e_1057
16,sec_x_cse1071
17,khyati_2024cse11
18,anvay_2024ec1053
19,e_arpit_mishra
20,nigam_2024ec1078
21,sec_x_1071
22,sec_e_1142
23,jyoti_2024it1144
24,sec_u_1004
25,ahmadhamdan041
26,romit_2024en1156
27,sectionc2024cev
28,sec_m_040_
29,sec_x_ec1047
30,rajneesh_2024it1
31,sakshi_2024en101
32,saeedamrohvi
33,saksham_2024cs11
34,sec_i_1068
35,samarth_2024ce11
36,mayank_2024ce101
37,gulshankalwani02
38,amit_2024me1030
39,arshivaastha
40,ravi_2024me1072
41,shanutyagi560
42,ujjawal_2024en11
43,sec_m_010
44,section_l_rajani
45,sec_i_040
46,akash_2024ec1200
47,rudransh9119
48,ananya_2024me101
49,sec_a_1063
50,swati_2024en1146
51,sachin_2024cs101
52,sec_s_csit1170
53,shreyansh_2024m1
54,sec_x_1185
55,riya_maheshwari
56,sec_m_051
57,harshita_2024en1
58,mansimittal2003
59,ayushi_2024it111
60,arpita_2024cse11
61,ayush_2024cs1200
62,nidhi_2024en1021
63,shreya_2024en101
64,shama_2024it1159
65,sec_t_1092
66,rajveer_2024cs11
67,sec_o_cs1197
68,anshul_2024ce101
69,shubham_2024cse1
70,mihirksingh466
71,aayushi_2024cs11
72,ayush_kumar_e_10
73,tyagisatyam0247
74,pathakaashi2
75,shubhank_1008
76,kritish_shukla01
77,f_madhu_gautam
78,ankitasingh00301
79,ronvin68
80,akash_2024en1148
81,sec_r_1113
82,sec_t_1018
83,harsh_2024me1006
84,yogesh_2024cse11
85,anisha_2024ec111
86,sec_w_csit1046
87,nirmal_2024ce101
88,ritu_2024it1143
89,harsh_2024cs1106
90,aman_2024ec1149
91,ankit_2024en1122
92,sec_s_ec1111
93,sec_r_1184
94,sec_t_it1076
95,section_o_shruti
96,akshara_2024ec11
97,ayush_2024ce1040
98,aryan_2024ec1041
99,rishi_2024me1042
100,sec_r_1121
101,sec_n_1050
102,aryan_2024csit12
103,sec_n_1034
104,msharmaji143
105,manish_2024cs111
106,riya_2024ec1025
107,ujjwal_2024it101
108,nishantsingh8923
109,sec_n_1194
110,kartik_2024en101
111,mahesh_2024en101
112,malvika_2024en11
113,sec_o_ec1184
114,akash_2024en1106
115,rahul_2024cs1166
116,manshijaiswal39
117,baranwalatul08
118,pratapakshay096
119,divyajyoti_20241
120,sec_e_1056
121,kashishkc22
